iter	MultiClass
0	0.9237894414
1	0.7932225336
2	0.7338468834
3	0.6978010923
4	0.6806294207
5	0.6656568068
6	0.6538014656
7	0.6473637578
8	0.643827148
9	0.6367266746
