iter	MultiClass
0	0.9005821974
1	0.7871415951
2	0.7301963249
3	0.69720385
4	0.6793964272
5	0.6659197826
6	0.6575204247
7	0.6490646135
8	0.6390250011
9	0.6342652461
