iter	MultiClass
0	1.713441721
1	1.538205429
2	1.417836268
3	1.324080238
4	1.246449037
5	1.184088289
6	1.136555948
7	1.095310562
8	1.06056093
9	1.030651647
10	1.00017775
11	0.9764838464
12	0.9556833791
13	0.9383092052
14	0.9217486455
15	0.9042026705
16	0.8897699302
17	0.8764059811
18	0.8646813733
19	0.8527260045
20	0.8432405211
21	0.8333358907
22	0.8252886186
23	0.8148791111
24	0.8051090199
25	0.7969356979
26	0.7894068886
27	0.7811718591
28	0.7750897519
29	0.7682425446
30	0.762730249
