Fold,F1-Score,Validation Score,Time (s)
1,0.960173452443039,0.9605423014482158,208.55756449699402
2,0.9601885793288928,0.9605529468367904,210.57792568206787
3,0.9598516283054196,0.9602357791975659,214.94458436965942
4,0.9597961183772907,0.9601793341092293,220.17326283454895
5,0.9607551877233635,0.9611254613042041,228.7454915046692
