Fold,F1-Score,Validation Score,Time (s)
1,0.4554137928844022,0.7710027550038172,31.95832061767578
2,0.4394554037673232,0.7722394335029874,31.224688291549683
3,0.4625302293732509,0.770989156893118,31.40655517578125
4,0.45264030954355006,0.7712989599468909,31.635193824768066
5,0.4476022852166535,0.7707457402080107,31.33872628211975
